"Emp ID, First Name, Last Name, DOB, SSN, State"
Sarah,Simpson,04/12/1985,***-**-8166,FL
Samantha,Lara,08/09/1993,***-**-7526,CO
Stacy,Charles,20/12/1957,***-**-8526,PA
Michelle,Roy,29/07/1978,***-**-3944,MI
Joseph,Rogers,28/03/1985,***-**-3515,MN
Erica,Hines,13/10/1975,***-**-6153,NY
Zoe,Patel,20/12/1967,***-**-0817,WI
Matthew,Harvey,20/01/1990,***-**-0346,TN
Shawn,Davis,21/07/1961,***-**-1581,WV
April,Baldwin,07/08/1961,***-**-2014,MO
Vincent,Daniels,06/01/1972,***-**-2754,MT
Ann,Fields,22/08/1960,***-**-7911,IA
Jeffrey,Pearson,05/05/1979,***-**-2578,IL
Heather,Johnson,23/09/1989,***-**-0904,GA
Melissa,Fletcher,14/03/1979,***-**-6881,RI
Kimberly,Alvarez,04/09/1984,***-**-8680,LA
Monica,Jimenez,08/04/1988,***-**-1668,ND
Steven,Johnson,28/05/1962,***-**-7070,NE
Sarah,Wood,15/06/1972,***-**-6715,FL
Jesus,Petersen,28/03/1958,***-**-0770,OK
Rhonda,Rosales,10/04/1963,***-**-0286,AL
Nicole,Richardson,09/09/1981,***-**-5228,LA
Jennifer,Mendez,20/07/1977,***-**-1994,OR
Sandra,Petty,30/01/1981,***-**-7629,NC
Michael,Hester,13/04/1987,***-**-6836,SD
Joseph,Brown,28/08/1982,***-**-4744,NH
Michelle,Cooper,23/08/1993,***-**-2306,WA
Barbara,Wise,15/12/1991,***-**-7662,IN
Carol,Rosales,20/07/1984,***-**-4907,NJ
Mark,Villa,24/02/1969,***-**-2207,MS
Russell,Orozco,16/09/1973,***-**-5514,MS
Michelle,Sanchez,21/08/1994,***-**-5222,OK
Briana,Ayala,31/10/1965,***-**-4542,CT
Shane,Roberts,14/12/1958,***-**-6030,HI
Cassandra,Morris,24/01/1973,***-**-3831,MT
Krista,Thompson,25/07/1984,***-**-7445,KY
Jon,Bennett,13/09/1957,***-**-1689,NM
April,Thomas,03/12/1993,***-**-3580,CO
Haley,Martinez,15/01/1968,***-**-3736,ID
Isaac,Stafford,25/11/1989,***-**-5036,SD
John,Martinez,06/01/1987,***-**-3936,NH
John,Phillips,08/12/1982,***-**-4070,WV
Gary,Shelton,11/09/1978,***-**-9672,SD
Amanda,Gordon,12/10/1969,***-**-2966,ME
Jessica,Holt,12/09/1963,***-**-6084,NE
Stephanie,Estes,15/07/1966,***-**-9779,SD
Jessica,Brown,01/02/1992,***-**-7328,MS
Donna,Manning,19/05/1973,***-**-7781,NM
Nicholas,Owens,20/08/1991,***-**-7882,VA
Wendy,Ryan,13/05/1960,***-**-0741,AZ
Kimberly,Hooper,08/09/1971,***-**-3136,GA
Deborah,Gonzalez,28/05/1975,***-**-0643,MT
Laura,Yoder,18/04/1987,***-**-3016,IN
Kimberly,Velez,07/03/1958,***-**-0707,AZ
Kevin,Garcia,15/05/1973,***-**-4337,OK
Marcia,Jones,20/11/1972,***-**-0963,ND
Nicole,Baldwin,11/08/1978,***-**-5508,NV
Katherine,Juarez,13/02/1986,***-**-8687,CA
Paula,Thompson,22/09/1985,***-**-7734,NC
Joan,Hoover,27/02/1973,***-**-5429,NM
Stephen,Simon,28/11/1962,***-**-1621,NV
Rebecca,Taylor,30/09/1962,***-**-9126,MN
Lindsay,Owens,28/04/1973,***-**-6742,DE
Justin,Payne,03/07/1983,***-**-7892,AK
Michelle,Thornton,25/01/1961,***-**-4112,GA
Timothy,Hill,11/08/1985,***-**-4460,SC
Karen,Johnson,05/01/1976,***-**-5174,OH
Alexis,Mcintosh,01/03/1962,***-**-9185,KY
Susan,Fitzgerald,18/09/1961,***-**-3222,AL
Amber,Stewart,26/08/1958,***-**-3120,OH
Taylor,Evans,17/07/1983,***-**-2641,NJ
Tracy,Knight,27/09/1993,***-**-8339,ID
Jason,Parks,27/02/1981,***-**-2601,AZ
Jonathan,Carroll,15/06/1973,***-**-7126,SC
Sara,Wallace,21/06/1959,***-**-6918,MS
Jeffrey,Mitchell,23/05/1969,***-**-4559,UT
April,West,11/03/1986,***-**-9544,DE
Ryan,Reynolds,05/02/1973,***-**-2883,IN
Rachel,Bell,24/07/1989,***-**-1379,AL
Amber,Williamson,20/06/1984,***-**-4567,LA
Tony,Park,08/10/1968,***-**-7749,UT
Robert,Jefferson,04/10/1981,***-**-6302,OH
Sarah,Hernandez,05/07/1987,***-**-5549,WY
Margaret,Foley,19/12/1968,***-**-4633,CA
Tina,Christensen,01/03/1988,***-**-0333,TN
Isaac,Gomez,16/10/1987,***-**-4728,WY
Phillip,Davis,24/04/1961,***-**-5132,VT
Brian,Douglas,18/09/1979,***-**-9324,NV
Teresa,Wilson,12/08/1994,***-**-9378,IN
Timothy,Wilson,21/11/1993,***-**-1270,WV
Lori,Davies,21/08/1980,***-**-9489,AK
Brittany,Stone,21/11/1985,***-**-0950,CO
Matthew,Rogers,09/03/1974,***-**-2560,CA
Francisco,Gardner,18/08/1972,***-**-0367,WI
Ashley,Patrick,06/12/1979,***-**-7953,OR
Brandi,Frey,23/07/1979,***-**-2997,MD
Garrett,Kelley,20/12/1974,***-**-1192,PA
Robert,Barron,19/04/1985,***-**-0735,NE
Lee,Serrano,19/06/1967,***-**-0867,WV
Jessica,Vance,30/04/1959,***-**-9076,DE
Russell,Ashley,15/02/1973,***-**-2395,OH
Catherine,Richardson,03/10/1989,***-**-2969,WY
Sheri,Hamilton,12/03/1986,***-**-9319,NH
Craig,Strickland,27/02/1968,***-**-3498,ND
Brandon,Hall,30/09/1969,***-**-6416,AK
Karla,Adams,18/11/1962,***-**-7524,VT
Ernest,Washington,15/07/1990,***-**-9800,FL
John,Owens,15/05/1989,***-**-7554,MT
Roberto,Farmer,04/05/1968,***-**-3936,LA
Tom,Bailey,24/01/1980,***-**-1663,IA
Jennifer,White,17/01/1966,***-**-1698,MI
Courtney,Mendez,25/11/1961,***-**-8268,NE
Jasmine,Miller,13/05/1971,***-**-2427,MD
Amy,Bryan,24/06/1969,***-**-2636,CA
Melvin,Pruitt,06/05/1994,***-**-4970,AK
Amanda,Carrillo,25/10/1957,***-**-8942,MS
Anthony,Nguyen,10/03/1987,***-**-6484,ND
Kaitlyn,Charles,23/11/1965,***-**-7712,NH
Rebecca,Pollard,17/03/1977,***-**-9010,FL
James,Jackson,02/09/1987,***-**-8491,ME
Gina,Jones,05/02/1964,***-**-3596,HI
Tyler,Woodward,06/05/1983,***-**-7298,KS
Hannah,Schultz,28/12/1984,***-**-7228,NY
Anthony,Sims,20/04/1976,***-**-1311,CT
Jessica,Wallace,02/05/1981,***-**-7152,WI
Jonathan,Pearson,03/01/1980,***-**-7840,VT
Richard,Hunt,17/09/1987,***-**-9513,IN
Madison,Ballard,11/03/1966,***-**-3750,DE
Kathryn,Blair,07/08/1993,***-**-8028,GA
Kristina,Patterson,28/03/1958,***-**-5885,CT
Kathryn,Bryant,09/04/1957,***-**-8017,CO
Jerry,Ayala,02/03/1982,***-**-9737,WA
Karen,Rodriguez,30/07/1994,***-**-3813,CT
Daniel,Jacobs,24/04/1972,***-**-6724,TX
Stephanie,Campbell,30/08/1968,***-**-3547,TN
Michael,Pacheco,29/04/1977,***-**-6378,LA
Steven,Garcia,01/04/1991,***-**-9437,MT
Brenda,Hall,15/07/1957,***-**-7869,TX
Rhonda,Smith,27/06/1969,***-**-5595,ME
Tracy,Francis,26/01/1960,***-**-8950,VT
Dawn,Fernandez,14/04/1981,***-**-9216,NE
Matthew,Wells,29/08/1958,***-**-2780,FL
Joel,Walker,20/09/1979,***-**-6637,FL
Paula,Shea,15/08/1978,***-**-1746,OH
Paul,Bell,23/05/1976,***-**-7411,WI
Frederick,Roberson,02/01/1978,***-**-0114,MI
Melissa,Armstrong,17/03/1959,***-**-9454,OR
Jennifer,Alexander,15/01/1969,***-**-9026,AK
Cassandra,Perez,02/09/1986,***-**-1151,IL
Anthony,Austin,17/12/1965,***-**-9162,WI
Cynthia,Jones,11/08/1976,***-**-3428,RI
Oscar,Bernard,07/04/1990,***-**-5243,IL
Amanda,Hendrix,19/11/1980,***-**-7721,AR
Vincent,Henry,22/08/1961,***-**-5624,UT
Lauren,Bush,19/12/1976,***-**-3299,GA
Stacey,Bates,17/06/1961,***-**-1470,CA
Amanda,Khan,16/04/1971,***-**-9388,NE
Amanda,Sutton,07/12/1973,***-**-2368,AR
Joshua,Li,20/03/1992,***-**-6050,ID
Becky,Kennedy,05/04/1987,***-**-4807,MI
Laura,Espinoza,04/09/1978,***-**-5712,FL
Joshua,Murphy,31/12/1970,***-**-7318,WI
Randall,Bowen,11/04/1969,***-**-0666,TX
Michelle,Pham,31/07/1979,***-**-2595,SC
Emily,Thomas,10/07/1974,***-**-6906,RI
Jessica,Kelley,15/12/1976,***-**-4271,KY
Jeffrey,Brown,23/12/1968,***-**-7392,WA
Jennifer,Keith,24/11/1990,***-**-2614,AR
Joshua,Romero,14/10/1979,***-**-4169,NM
Frank,Walker,13/12/1976,***-**-5611,AZ
Cody,Lindsey,29/01/1965,***-**-8099,AL
Cody,Baker,09/03/1979,***-**-5896,VT
Jaclyn,Wall,13/12/1985,***-**-5336,SD
Kaitlyn,Roy,15/06/1965,***-**-0939,MN
Allison,Lee,04/04/1994,***-**-8932,UT
Heather,Patterson,08/06/1969,***-**-2886,WV
Carrie,Thomas,08/08/1980,***-**-8236,MA
David,Gutierrez,14/08/1967,***-**-9234,NE
Harold,Robinson,20/08/1965,***-**-7098,NM
Alex,Graham,27/11/1978,***-**-6911,KY
Steven,Thompson,01/01/1978,***-**-0637,NJ
Barbara,Martin,11/11/1971,***-**-5120,NE
Theresa,Cochran,23/02/1976,***-**-2404,IA
Michael,Madden,05/09/1964,***-**-2946,CO
Brian,Chase,01/05/1989,***-**-3628,AZ
Carolyn,Rodriguez,16/11/1962,***-**-2185,RI
Breanna,Williams,03/06/1994,***-**-8593,NC
Anne,Cook,11/11/1981,***-**-8560,NY
Tara,Bowers,22/09/1975,***-**-7048,NY
Joyce,Hall,10/10/1980,***-**-4819,VA
Sydney,George,24/01/1959,***-**-8264,FL
Lindsay,Williams,19/09/1977,***-**-4792,NV
Darrell,Thomas,14/03/1986,***-**-2653,UT
Thomas,Knight,07/08/1965,***-**-2441,NJ
Carolyn,Diaz,20/04/1991,***-**-2117,DE
Karen,Ball,13/04/1986,***-**-9411,ND
Ronald,Richardson,20/04/1988,***-**-6742,GA
Donna,Williams,01/09/1986,***-**-3144,MS
Molly,Wright,23/02/1991,***-**-7938,WA
Jeffrey,Mcintyre,02/06/1974,***-**-8359,KS
Tabitha,Parks,19/01/1975,***-**-8386,IA
Melissa,Padilla,08/12/1982,***-**-9382,MT
George,Harris,15/11/1979,***-**-2111,AZ
Cheryl,Hancock,03/09/1993,***-**-2522,ID
Jeffrey,Paul,12/01/1972,***-**-0457,MT
Wendy,Jones,20/04/1979,***-**-4078,NY
Elizabeth,Johnson,01/12/1981,***-**-8375,AR
Charles,Green,22/05/1990,***-**-9288,SC
Jeffrey,Cooper,14/12/1970,***-**-7671,MD
Judith,Brooks,25/01/1971,***-**-6779,IN
Amanda,Ramsey,10/04/1971,***-**-2683,SC
Stephen,Oliver,27/12/1984,***-**-5500,CA
Nancy,Rodriguez,13/02/1988,***-**-1027,MD
Joshua,Powers,13/05/1971,***-**-4897,FL
Lisa,Stein,07/02/1980,***-**-2075,CA
Jessica,Martin,18/08/1967,***-**-8568,NV
George,Hardy,17/04/1990,***-**-4162,NM
Jonathan,Carney,08/11/1990,***-**-0506,CO
Carol,Robertson,01/02/1959,***-**-6248,IL
Susan,Zhang,18/03/1983,***-**-5874,CT
Christopher,Cameron,30/08/1969,***-**-1053,NY
Paul,Ramsey,14/05/1990,***-**-6565,MD
David,Torres,26/03/1971,***-**-5176,MS
Barbara,Roberts,22/10/1993,***-**-9440,KS
Nicholas,Dunn,22/05/1985,***-**-1196,MD
John,Long,09/10/1966,***-**-8394,NE
Shelby,Porter,09/01/1992,***-**-7391,ME
Judith,Robinson,29/08/1973,***-**-3792,FL
Justin,Holt,19/09/1969,***-**-2854,WY
Laura,Valdez,14/09/1988,***-**-2068,IL
Jesse,Rosales,29/12/1989,***-**-0642,WV
Amy,Duran,02/04/1992,***-**-5581,MN
Joshua,Williams,06/11/1976,***-**-1375,IN
Robert,Davis,28/03/1986,***-**-0776,NE
Lisa,Houston,27/06/1966,***-**-5946,OH
Timothy,Williams,27/11/1978,***-**-5842,IL
Kim,Finley,09/03/1973,***-**-6351,SC
Andrew,Lopez,11/06/1962,***-**-7248,TN
Veronica,Herrera,22/10/1958,***-**-4723,IA
Bob,Murphy,14/01/1982,***-**-8100,SD
Timothy,Duncan,25/09/1977,***-**-7493,IN
David,Sandoval,26/11/1985,***-**-6963,WV
Tony,Graves,19/10/1980,***-**-5360,ID
Andrea,Fuller,17/07/1981,***-**-0698,WA
William,Carney,16/06/1974,***-**-3440,WY
Daniel,Dominguez,15/11/1992,***-**-9595,KY
David,Franco,30/10/1983,***-**-2451,NY
Justin,Ortiz,29/01/1961,***-**-6761,AK
Sara,Jarvis,23/07/1964,***-**-3953,WV
Adam,Green,09/05/1988,***-**-5674,TN
Debra,Flores,02/04/1969,***-**-7111,KS
Jennifer,Adams,04/12/1988,***-**-1210,RI
Lori,Sosa,14/06/1988,***-**-7062,MI
Cory,Mora,27/03/1985,***-**-0325,NV
Denise,Hughes,20/09/1966,***-**-7879,UT
Anthony,Jenkins,05/09/1957,***-**-0437,MA
Leonard,Soto,17/10/1986,***-**-1991,NE
Donald,Todd,16/07/1960,***-**-6930,MI
Christopher,Long,24/08/1979,***-**-2737,VT
Donald,Pierce,27/02/1976,***-**-1562,NJ
Matthew,Sullivan,25/02/1986,***-**-6697,MS
Brianna,Stevens,11/06/1965,***-**-4666,MT
Jacqueline,Villegas,13/02/1981,***-**-8948,SC
Mary,Diaz,18/02/1964,***-**-8701,GA
Steven,Taylor,01/12/1985,***-**-1803,NH
Edward,Jimenez,19/08/1980,***-**-1355,KY
John,Joseph,07/01/1992,***-**-0413,PA
Jared,Fletcher,16/07/1977,***-**-9304,VT
Kathleen,Hill,04/02/1970,***-**-3356,NH
Johnny,Warner,16/08/1965,***-**-4164,NH
Frank,Smith,08/02/1971,***-**-1100,IL
Stephanie,Thompson,26/03/1957,***-**-6249,RI
Angela,Cannon,13/09/1992,***-**-3459,KS
Trevor,Robinson,26/04/1967,***-**-3462,WV
Gregory,Powers,19/05/1969,***-**-8879,KS
Michael,Sparks,03/11/1982,***-**-6809,NC
George,Flores,31/01/1989,***-**-0195,IA
Michael,Hall,22/01/1986,***-**-0161,AZ
Susan,Williamson,27/05/1973,***-**-0355,IN
Luis,Norton,11/05/1988,***-**-6955,WI
Victoria,Pearson,07/03/1990,***-**-5518,ND
Roger,Nichols,13/01/1976,***-**-4515,OR
Jenny,Mills,10/11/1983,***-**-1434,WI
Joshua,Moore,30/09/1965,***-**-8369,PA
James,Carr,25/02/1979,***-**-8546,AL
David,Lane,21/04/1974,***-**-4614,MN
Beth,Reese,30/04/1961,***-**-1223,PA
Lindsay,Thompson,24/09/1986,***-**-1306,KS
Amber,Taylor,27/04/1982,***-**-6610,NY
Oscar,Yates,03/04/1977,***-**-0620,IL
Anthony,Cooper,04/06/1994,***-**-2490,CA
Tracie,Harrison,01/07/1983,***-**-7833,DE
Corey,Herrera,08/11/1970,***-**-3228,OR
Anthony,Kim,04/11/1981,***-**-7043,WY
Kendra,Marshall,11/09/1967,***-**-2658,IN
Debbie,Chang,17/02/1993,***-**-8022,PA
Miranda,Simmons,27/03/1964,***-**-2359,IL
Catherine,Murphy,11/08/1968,***-**-6401,RI
Nicholas,Shelton,07/06/1984,***-**-0704,GA
Laura,Winters,05/07/1969,***-**-4775,GA
Jill,Barr,07/04/1983,***-**-7889,MN
Lauren,Ritter,26/12/1970,***-**-7600,KS
Anthony,Short,07/06/1986,***-**-6004,WY
Patrick,Yates,07/05/1967,***-**-4036,NC
Brett,Mitchell,20/01/1976,***-**-8337,WI
Andrea,Boone,05/02/1983,***-**-1089,CO
Charles,Alvarez,01/02/1993,***-**-5142,MT
Jeff,Garner,21/12/1978,***-**-2191,MA
Natalie,Williams,14/06/1971,***-**-2753,MA
Tracy,King,17/11/1969,***-**-0822,NC
Michael,Huang,14/02/1990,***-**-6162,SC
Ray,Miller,09/03/1968,***-**-5774,CA
Tracey,Powers,28/04/1976,***-**-5107,WY
Alexander,Moore,05/07/1992,***-**-4136,HI
Lisa,Fisher,05/01/1977,***-**-4670,NM
Tamara,Gentry,03/04/1987,***-**-7430,SC
Christopher,Fitzgerald,19/04/1992,***-**-7096,MA
Jose,Olson,20/01/1991,***-**-7256,PA
Carrie,Wallace,07/02/1966,***-**-8007,GA
Crystal,Smith,30/04/1991,***-**-6884,NY
Caroline,Edwards,20/10/1959,***-**-7816,NV
Carol,Baker,01/08/1959,***-**-8196,OR
Alexandra,Ward,27/12/1973,***-**-3414,AR
Krystal,Townsend,15/05/1990,***-**-6839,AZ
Melanie,Elliott,21/06/1976,***-**-2869,MN
Tracey,Barajas,09/01/1973,***-**-9722,AR
Eric,Barker,09/12/1976,***-**-2136,GA
Olivia,Elliott,15/09/1991,***-**-7631,NM
Daniel,Reed,24/12/1969,***-**-3333,NJ
Roberto,Pierce,03/07/1964,***-**-9982,MO
Lawrence,Stewart,15/06/1987,***-**-1303,MO
Michael,Snow,17/02/1965,***-**-2820,KS
Ashley,Cruz,09/09/1973,***-**-3168,MA
Jesus,Hobbs,10/12/1975,***-**-2648,MS
Jody,Riley,08/01/1978,***-**-6681,CT
Joseph,Scott,23/11/1993,***-**-4445,MD
Eric,Sullivan,05/01/1993,***-**-8141,SC
Christopher,Cervantes,09/11/1975,***-**-7919,VT
Jennifer,Leon,03/02/1959,***-**-2413,AR
Victor,Fuentes,07/12/1957,***-**-5844,WA
Christine,Marshall,05/12/1972,***-**-6538,AL
Amanda,Garcia,03/12/1961,***-**-1013,NJ
Nancy,Holloway,13/03/1983,***-**-4965,AK
Kimberly,Banks,03/07/1990,***-**-7861,AZ
Laura,King,04/06/1971,***-**-5040,AZ
Robert,Mendoza,23/04/1982,***-**-0627,IA
Jessica,Black,11/12/1981,***-**-6296,KY
Cynthia,Duffy,08/07/1990,***-**-0500,NC
Aaron,Henry,15/10/1978,***-**-3379,MI
Autumn,Peterson,02/01/1965,***-**-9763,OK
Danielle,Murphy,15/08/1963,***-**-0413,TX
Deborah,Hoffman,20/10/1986,***-**-9690,MT
Kathy,Palmer,19/07/1972,***-**-3934,AR
Tim,Smith,22/04/1967,***-**-8047,NC
Renee,Campbell,09/11/1970,***-**-2594,MO
Bryan,Mcdaniel,19/04/1959,***-**-4659,FL
Rhonda,Flores,13/12/1974,***-**-3754,WV
Jonathan,Wright,17/06/1963,***-**-8490,MO
Sydney,King,12/01/1977,***-**-5923,FL
Janet,Gonzales,08/12/1972,***-**-0243,UT
Steve,Russell,19/08/1978,***-**-9820,WA
Craig,Pennington,25/12/1957,***-**-8248,ND
Andrew,Thomas,11/04/1963,***-**-7838,MA
Miguel,Woods,10/06/1992,***-**-1852,ME
Samuel,Anderson,02/03/1969,***-**-9480,SC
Cynthia,Clarke,29/05/1962,***-**-8148,MA
Adam,Mcgrath,20/06/1960,***-**-3185,AK
Courtney,Oconnell,03/04/1984,***-**-3672,SD
Brandon,Hudson,07/08/1966,***-**-4780,IL
Rachel,Lewis,06/02/1985,***-**-5213,GA
Manuel,Rodriguez,07/03/1981,***-**-0042,WA
Gregory,Wilkinson,23/08/1984,***-**-6395,NC
Donna,Lopez,03/08/1962,***-**-6360,NH
David,Scott,10/03/1992,***-**-0749,MS
Gregory,Maxwell,21/11/1977,***-**-7057,NV
Daniel,Wilkins,24/09/1975,***-**-4870,MS
Jonathan,Henry,08/06/1989,***-**-2026,MT
Heather,Shepherd,17/09/1984,***-**-2527,WA
Cindy,Munoz,30/10/1986,***-**-0435,NH
Dalton,Bowman,24/12/1977,***-**-8792,ME
Jon,Clark,18/06/1967,***-**-8771,TN
Amber,Meyer,04/09/1983,***-**-5604,LA
Steven,Madden,18/06/1972,***-**-9767,IN
Victoria,Lewis,04/01/1971,***-**-6283,WA
Karl,Dudley,14/12/1974,***-**-6649,TX
Alicia,Stone,24/12/1966,***-**-8324,CO
Max,Mckay,17/08/1960,***-**-4918,SC
Richard,Brown,30/06/1979,***-**-0117,MT
Heather,Case,22/12/1971,***-**-1698,AR
Amy,Gonzalez,12/10/1965,***-**-2150,UT
Brandon,Armstrong,12/12/1973,***-**-5658,AZ
Terrance,Ewing,15/01/1981,***-**-5340,VA
Jessica,Boyd,27/04/1960,***-**-9784,VA
Corey,Taylor,09/03/1966,***-**-4578,MS
Frank,Blankenship,17/11/1958,***-**-3591,MS
Monica,Montgomery,14/10/1975,***-**-3158,MS
Tammy,Patrick,07/09/1961,***-**-7381,NM
Corey,Sawyer,13/08/1982,***-**-9114,DE
Linda,Anthony,23/01/1994,***-**-7298,SD
Travis,Patrick,12/10/1967,***-**-7968,TN
Linda,Davis,08/08/1975,***-**-0620,CT
Anthony,Adams,09/02/1962,***-**-1396,VT
Christopher,Johnson,03/11/1959,***-**-5547,CT
Tracy,Austin,06/08/1980,***-**-1904,RI
Matthew,Woodward,26/03/1978,***-**-6667,ID
Donna,Cole,19/01/1973,***-**-3401,NY
Alexis,Allen,11/08/1963,***-**-6449,TN
Stephen,Parker,18/03/1967,***-**-9288,CO
Nicole,Johnson,01/05/1963,***-**-0265,PA
Daniel,Green,16/06/1976,***-**-7915,AK
Dylan,Adams,16/04/1966,***-**-4597,CO
Jason,Davis,06/06/1970,***-**-5627,LA
Jennifer,Conrad,08/10/1973,***-**-2874,WY
Stephen,Dawson,30/06/1985,***-**-5741,AZ
Douglas,Smith,07/04/1981,***-**-9028,MA
Diane,Gray,26/10/1968,***-**-1654,HI
Benjamin,Gordon,26/07/1974,***-**-3940,CO
Stephanie,Miller,08/09/1983,***-**-8885,LA
Lynn,Stout,17/09/1973,***-**-6531,ME
Malik,Scott,02/02/1958,***-**-4261,ID
David,Brown,28/07/1973,***-**-5706,OK
Nathan,Jenkins,11/01/1968,***-**-6468,WI
Maria,Bryant,17/07/1970,***-**-3505,MA
Michael,Griffin,15/09/1963,***-**-4120,WA
Nathan,Smith,17/04/1979,***-**-9334,CA
James,Jackson,01/06/1958,***-**-4595,CA
Erika,Jones,02/02/1977,***-**-1552,AL
Stephanie,Leon,06/04/1967,***-**-0580,DE
Anthony,Walker,25/12/1969,***-**-5284,RI
Richard,Brooks,17/10/1962,***-**-5295,KY
Matthew,Bishop,10/06/1973,***-**-9588,NJ
Anthony,Thompson,04/10/1990,***-**-1051,MA
Justin,Garcia,21/09/1961,***-**-6120,NC
Miguel,Garcia,21/12/1964,***-**-5477,OH
Jeffrey,Randolph,24/09/1976,***-**-2699,IN
Raymond,Tran,09/04/1957,***-**-8575,FL
Brandon,Webb,10/09/1966,***-**-8353,UT
Brandon,Petersen,06/07/1982,***-**-1657,TN
Bryce,Ball,03/07/1994,***-**-1674,AZ
Blake,Watkins,25/02/1973,***-**-0572,NC
Gregory,Morales,21/08/1960,***-**-5605,CO
Alyssa,Wall,24/08/1964,***-**-2643,WA
Cynthia,Garcia,11/11/1960,***-**-2024,ID
Amber,Williams,03/12/1969,***-**-7515,NM
Steve,Stark,02/07/1957,***-**-7390,MI
Charles,Baird,29/02/1968,***-**-2710,FL
Mackenzie,Hall,28/02/1990,***-**-6862,AL
Aaron,King,29/05/1964,***-**-8792,SD
Joshua,Perez,08/02/1984,***-**-1226,GA
Alexander,Valdez,24/10/1975,***-**-7833,ND
Ashley,Santos,18/06/1983,***-**-4884,AL
Joshua,Stephens,11/04/1988,***-**-9528,VT
Steven,Long,18/08/1994,***-**-4594,TX
Jack,Jackson,05/07/1975,***-**-4734,NY
Roberto,Leonard,20/01/1992,***-**-8779,MA
Michael,Park,05/06/1981,***-**-4033,NM
Carl,Reeves,11/12/1965,***-**-8325,LA
Paul,Lee,22/07/1976,***-**-7697,IN
Kathryn,Ramirez,04/08/1960,***-**-0099,OH
Daniel,Medina,31/10/1973,***-**-8215,MS
Jesse,Gomez,30/01/1961,***-**-3664,SC
Brandon,Good,01/08/1991,***-**-5586,VA
Sandra,Suarez,08/06/1974,***-**-7890,GA
Jeffrey,Stevenson,07/12/1957,***-**-3851,CT
Richard,Mcdonald,21/02/1957,***-**-8008,ND
Joanna,Castillo,07/03/1984,***-**-1576,IN
Angelica,Reyes,06/06/1992,***-**-7139,AR
Jennifer,Wright,06/03/1976,***-**-3901,NM
James,Porter,30/06/1957,***-**-1319,CA
Krystal,Brown,31/01/1961,***-**-8909,TX
Christopher,Reyes,01/02/1981,***-**-4713,IN
Luis,Lewis,18/07/1965,***-**-3601,HI
Lynn,Owens,24/03/1985,***-**-8776,RI
Anthony,Phillips,12/12/1960,***-**-3754,NJ
Jessica,Mcdonald,29/12/1970,***-**-2911,MS
Michelle,Allen,13/09/1972,***-**-8147,TN
Victor,Webb,17/01/1959,***-**-2267,TN
Martin,Melton,06/04/1972,***-**-7978,NY
Pamela,Miles,15/11/1962,***-**-5312,NC
Christopher,Compton,05/09/1958,***-**-6855,SC
Annette,Rice,15/03/1959,***-**-1866,FL
Travis,Meza,10/01/1974,***-**-4313,NJ
Brian,Baker,28/07/1976,***-**-2839,IL
Sharon,Lee,23/10/1967,***-**-7596,DE
Brian,Sparks,14/02/1967,***-**-8194,HI
Dana,Ryan,10/10/1962,***-**-3761,VA
Maria,Stevens,12/05/1958,***-**-9113,CA
Julia,Berry,17/06/1960,***-**-3759,NH
Sarah,Williams,12/09/1964,***-**-3882,IA
Trevor,Short,29/07/1980,***-**-2488,ND
Michael,Johnson,11/04/1962,***-**-6015,ME
Louis,Cross,13/11/1959,***-**-7111,CO
Ryan,Smith,24/04/1964,***-**-2228,OK
Joan,Carter,06/01/1964,***-**-8092,KY
Karen,Franklin,17/06/1967,***-**-4888,VT
Christian,Palmer,30/04/1992,***-**-6104,AL
Kristopher,Smith,20/10/1982,***-**-3545,HI
Cheryl,Velez,21/07/1963,***-**-3300,TN
Jeffrey,Harris,20/12/1993,***-**-9625,MS
Jamie,Doyle,11/06/1984,***-**-1529,NV
Adam,Sims,20/12/1973,***-**-6337,ID
Joshua,Griffith,01/08/1984,***-**-3344,HI
Donald,Koch,02/10/1989,***-**-5788,CT
Wendy,Leonard,18/03/1957,***-**-7962,HI
Dana,Hubbard,06/08/1980,***-**-4700,FL
Brett,Carson,27/02/1970,***-**-5338,OK
Erica,Peters,05/11/1980,***-**-0341,SC
William,Carter,31/01/1989,***-**-1954,VT
Karen,Taylor,29/01/1986,***-**-6243,AZ
Virginia,Cobb,04/12/1978,***-**-9307,MI
Tamara,Watson,18/08/1968,***-**-6329,NJ
John,Middleton,24/07/1983,***-**-7354,OR
Alex,Cruz,23/12/1964,***-**-4744,CT
Theresa,Crawford,08/01/1973,***-**-9276,IL
Glenn,Chavez,29/11/1970,***-**-5246,NE
Carrie,Davis,16/07/1963,***-**-7399,WI
Michael,Haynes,13/09/1974,***-**-3346,NE
Michele,Arellano,12/04/1981,***-**-5875,IN
Gina,Stevens,05/04/1992,***-**-2359,PA
Elizabeth,Hatfield,07/04/1959,***-**-7821,NM
Michael,Reyes,21/07/1958,***-**-1842,FL
Spencer,Wilson,18/09/1959,***-**-7753,IN
Kevin,Smith,26/08/1992,***-**-8582,IN
Steven,Giles,19/11/1980,***-**-2061,VA
Mario,Butler,03/05/1979,***-**-3035,MA
Billy,Romero,29/01/1958,***-**-3100,VT
Katie,Miller,09/07/1970,***-**-7579,MA
William,Salinas,24/04/1983,***-**-6013,MO
Kendra,Alvarado,07/10/1957,***-**-0633,CA
Kimberly,Wright,20/03/1979,***-**-9022,OH
Judy,Nelson,17/10/1968,***-**-2012,NV
Alexandra,Golden,08/04/1978,***-**-3418,ND
Patricia,Park,28/07/1965,***-**-5775,CO
Kylie,Chavez,10/01/1965,***-**-3816,CT
Randy,Edwards,29/06/1980,***-**-9087,OR
Glenda,Hebert,18/05/1987,***-**-7625,NY
Erin,Garrett,29/04/1980,***-**-5815,SD
Donna,Floyd,30/03/1957,***-**-1819,SD
Brandon,Watson,12/02/1974,***-**-3375,PA
Paul,Patterson,22/02/1985,***-**-4729,PA
Hannah,Henderson,21/12/1960,***-**-5897,PA
Autumn,Smith,24/07/1974,***-**-7279,CA
Steven,Contreras,31/05/1986,***-**-6852,DE
Miguel,Russell,25/09/1986,***-**-0302,UT
Kim,Martin,03/08/1964,***-**-3452,SC
Heidi,Proctor,31/01/1993,***-**-9545,OH
Nicholas,May,19/06/1976,***-**-8728,KS
Michael,Nunez,22/06/1982,***-**-9379,WV
Gregory,Bowen,05/07/1981,***-**-1510,OH
Jennifer,Juarez,30/06/1969,***-**-9009,OK
April,Williamson,25/10/1990,***-**-8318,KS
Francisco,Smith,12/08/1972,***-**-1836,ND
Roger,Taylor,02/11/1975,***-**-6293,GA
Gabriela,Williams,10/01/1976,***-**-5792,AZ
Stephanie,Pittman,05/12/1965,***-**-0840,MD
Sarah,Porter,09/08/1962,***-**-3997,AZ
Ernest,Cooper,24/09/1971,***-**-2003,NJ
Alexandra,Fisher,06/03/1976,***-**-2206,AK
Henry,Turner,20/11/1984,***-**-7954,OK
Charles,Rogers,31/08/1984,***-**-8407,NV
Keith,Lynch,26/02/1988,***-**-4803,IA
Lindsay,Bowman,24/08/1972,***-**-8895,AL
Jennifer,Lutz,05/07/1990,***-**-2943,RI
Mark,Mills,20/11/1962,***-**-7406,AR
Dawn,Thomas,05/08/1960,***-**-0942,NC
Keith,Tyler,10/05/1975,***-**-7953,MO
Joseph,Smith,12/03/1960,***-**-3836,LA
Michael,Dudley,10/03/1966,***-**-3459,SD
Blake,Bowman,17/01/1961,***-**-8076,ND
Amy,Graves,22/08/1994,***-**-9448,SC
Robert,Hill,03/10/1968,***-**-8902,AR
Robert,Davis,13/08/1988,***-**-5405,MD
Tammy,Horton,06/03/1981,***-**-0677,RI
Allison,Watkins,27/03/1992,***-**-1605,NV
James,Mathis,29/11/1989,***-**-3276,IA
Sabrina,Shelton,03/02/1958,***-**-2668,ID
Rachel,Coleman,26/10/1983,***-**-7638,SD
William,Cantrell,17/08/1973,***-**-4706,CA
Donna,Carroll,16/09/1968,***-**-9127,MA
Tammy,Harris,26/01/1961,***-**-8283,OH
Debra,Pena,16/10/1957,***-**-9872,MN
James,Reilly,01/03/1957,***-**-7935,SD
Robert,Krause,11/03/1957,***-**-5246,NM
Chad,Crawford,05/11/1990,***-**-0638,IL
Luke,Huerta,05/01/1986,***-**-5912,MI
Corey,Long,06/09/1978,***-**-9787,MO
Joshua,Flores,30/10/1987,***-**-5727,NE
Jeffery,Collins,01/06/1993,***-**-4791,KY
Michael,Clements,03/01/1994,***-**-6223,NC
Christopher,Williams,23/02/1977,***-**-6535,HI
Laura,Mata,22/10/1966,***-**-5794,AL
Jessica,Campbell,16/09/1968,***-**-2121,FL
Kristy,Hebert,12/11/1973,***-**-9892,WA
Rachel,Silva,19/11/1974,***-**-3474,ND
Tyrone,Dean,31/01/1986,***-**-5932,VA
Angela,White,17/02/1963,***-**-2921,ME
Teresa,Bell,12/05/1975,***-**-1580,IN
Edwin,Williams,27/07/1981,***-**-6206,PA
Hannah,Hicks,05/06/1978,***-**-9383,LA
Kevin,Rivera,14/03/1994,***-**-8418,DE
Trevor,Jones,28/07/1959,***-**-5747,OR
Emily,Silva,24/04/1989,***-**-5242,MN
Emma,Thomas,25/02/1960,***-**-2668,ND
Lisa,Myers,22/07/1980,***-**-7446,WI
Jennifer,King,04/02/1975,***-**-2581,MD
Dylan,Walker,01/11/1971,***-**-4143,GA
Andrea,Snyder,10/07/1981,***-**-3882,KY
Samuel,Lane,09/02/1992,***-**-2267,OK
Jennifer,Cameron,16/05/1962,***-**-7541,OR
Rodney,Cross,14/06/1985,***-**-4949,NE
Dustin,Brown,18/12/1990,***-**-3364,OR
Krista,Mack,30/09/1969,***-**-0563,SD
Luis,Ruiz,01/02/1977,***-**-4894,NV
Cassandra,Johnson,01/12/1991,***-**-0203,AL
Ruth,Nichols,21/07/1990,***-**-7608,NE
Pamela,Dean,15/08/1987,***-**-3302,CT
Beth,Lee,08/12/1961,***-**-1371,MN
Christopher,Martin,26/04/1977,***-**-9812,WY
Amanda,Johnson,03/09/1974,***-**-7153,MA
Joseph,Barnett,24/10/1959,***-**-1644,OR
Maria,Burns,24/11/1979,***-**-9488,WV
Kevin,Riley,05/09/1962,***-**-5605,WV
Brian,Reyes,15/07/1962,***-**-0510,WV
Jeffrey,Robinson,21/06/1958,***-**-6490,MO
David,Gardner,05/09/1961,***-**-8396,FL
Tracey,Downs,28/02/1974,***-**-4596,NM
Cody,Ramirez,15/10/1982,***-**-7950,LA
Heather,Gray,09/05/1981,***-**-6848,KS
Erika,Lewis,15/02/1960,***-**-9111,CO
Ronald,Maynard,22/11/1978,***-**-9020,KY
Ashley,Saunders,11/06/1991,***-**-5309,GA
Paul,Kaufman,02/11/1978,***-**-0964,IA
Nathan,Rosario,15/06/1964,***-**-5027,NY
Melissa,Nguyen,06/10/1978,***-**-1193,MN
Mitchell,Gill,27/07/1989,***-**-7598,KY
Michael,Shaw,18/04/1977,***-**-8249,OR
Crystal,Jones,20/12/1972,***-**-8160,MD
Jasmine,Harrison,04/12/1957,***-**-0602,WV
Chase,Grant,04/05/1985,***-**-1229,KS
Shawn,Kidd,10/04/1961,***-**-4240,MN
Chris,Robinson,24/01/1970,***-**-1013,SC
Carla,Smith,05/05/1969,***-**-6182,AL
Kimberly,Burns,30/01/1985,***-**-5610,CA
Lori,Sullivan,05/10/1992,***-**-4062,NY
Jennifer,Williams,25/02/1994,***-**-7025,ME
John,Lamb,09/03/1986,***-**-1494,CO
Joanne,Lamb,28/06/1974,***-**-6922,LA
David,Brown,27/12/1978,***-**-4274,DE
Scott,Leach,03/04/1985,***-**-5144,AR
Andrew,Tyler,08/04/1970,***-**-3511,IA
